id,first_name,last_name,email,gender,market
1,Gus,Fleetwood,gfleetwood0@nytimes.com,Female,Brazil
2,Kelwin,Lockley,klockley1@yellowpages.com,Male,France
3,Codie,Jochanany,cjochanany2@amazonaws.com,Male,Brazil
4,Bartolomeo,Pike,bpike3@eventbrite.com,Male,China
5,Elka,Woloschinski,ewoloschinski4@prnewswire.com,Female,Brazil
6,Libbie,Webb,lwebb5@google.fr,Non-binary,Russia
7,Claiborn,Sleford,csleford6@woothemes.com,Male,France
8,Yalonda,Van der Hoven,yvanderhoven7@google.co.uk,Female,Brazil
9,Bel,Wellbank,bwellbank8@google.fr,Female,Brazil
10,Melicent,Sauter,msauter9@nationalgeographic.com,Female,Uganda
11,Lilah,Densell,ldensella@themeforest.net,Female,Brazil
12,Shayla,Mayall,smayallb@washington.edu,Female,France
13,Jarrod,Bergen,jbergenc@pagesperso-orange.fr,Male,China
14,Amara,Betts,abettsd@reddit.com,Female,Brazil
15,Gisella,Heighway,gheighwaye@t.co,Female,Myanmar
16,Kimberley,Gindghill,kgindghillf@ibm.com,Female,Brazil
17,Desirae,Brabben,dbrabbeng@unc.edu,Non-binary,Venezuela
18,Meggie,Gaines,mgainesh@so-net.ne.jp,Female,Switzerland
19,Danit,Camellini,dcamellinii@fema.gov,Female,Mauritius
20,Alix,Jedraszczyk,ajedraszczykj@gmpg.org,Female,France
21,Darb,Addenbrooke,daddenbrookek@discovery.com,Male,Canada
22,Lydie,Chawner,lchawnerl@timesonline.co.uk,Female,United States
23,Reese,Eynaud,reynaudm@youtu.be,Male,Japan
24,Wolf,Summerly,wsummerlyn@cpanel.net,Male,Philippines
25,Aleen,Grinsdale,agrinsdaleo@narod.ru,Female,Thailand
26,Sutherland,Speed,sspeedp@cnbc.com,Male,Russia
27,Virgina,Copcott,vcopcottq@webeden.co.uk,Female,Czech Republic
28,Cesar,Wakelam,cwakelamr@google.com,Male,Canada
29,Goldie,Palfreman,gpalfremans@ucsd.edu,Female,China
30,Sophronia,Habbema,shabbemat@1688.com,Polygender,Philippines
31,Kelvin,Killbey,kkillbeyu@infoseek.co.jp,Male,Slovenia
32,Leila,Emma,lemmav@surveymonkey.com,Female,Latvia
33,Aloisia,Wallen,awallenw@mail.ru,Female,Poland
34,Jeralee,Bamlet,jbamletx@msn.com,Female,France
35,Trish,Breedy,tbreedyy@weebly.com,Female,Panama
36,Granny,Grier,ggrierz@ibm.com,Male,Peru
37,Barth,Frearson,bfrearson10@edublogs.org,Male,Pakistan
38,Morry,Bwy,mbwy11@storify.com,Male,Sweden
39,Waldemar,Jaqueme,wjaqueme12@comcast.net,Male,Peru
40,Wallache,Sherlaw,wsherlaw13@fc2.com,Male,Portugal
41,Lazaro,Bente,lbente14@cdbaby.com,Male,Indonesia
42,Claus,Oades,coades15@skyrock.com,Male,China
43,Kermit,Deadman,kdeadman16@huffingtonpost.com,Male,Malaysia
44,Felike,Pedel,fpedel17@wunderground.com,Male,Indonesia
45,Putnam,Brogi,pbrogi18@va.gov,Male,Portugal
46,Agathe,Zink,azink19@tamu.edu,Female,Japan
47,Rourke,Lorraine,rlorraine1a@4shared.com,Male,Bangladesh
48,Lemuel,Dolby,ldolby1b@lycos.com,Male,Russia
49,Ayn,Lehr,alehr1c@opera.com,Female,Bhutan
50,Ozzy,Brangan,obrangan1d@tinypic.com,Non-binary,China
51,Samuele,Aldham,saldham1e@blinklist.com,Male,China
52,Grazia,Thorlby,gthorlby1f@cisco.com,Female,China
53,Johnnie,Lanigan,jlanigan1g@geocities.com,Male,Finland
54,Say,Corderoy,scorderoy1h@usnews.com,Male,Indonesia
55,Lennie,Kees,lkees1i@cpanel.net,Male,Portugal
56,Rolf,Soaper,rsoaper1j@mail.ru,Male,Ireland
57,Ossie,Laviste,olaviste1k@about.com,Male,Norway
58,Farly,Pershouse,fpershouse1l@pbs.org,Male,Colombia
59,Lurette,Birts,lbirts1m@instagram.com,Female,Peru
60,Keriann,Venediktov,kvenediktov1n@dailymotion.com,Female,Madagascar
61,Shena,Lovart,slovart1o@yelp.com,Female,Kazakhstan
62,Waldon,Christophersen,wchristophersen1p@ameblo.jp,Male,Brunei
63,Taylor,Spelman,tspelman1q@ed.gov,Male,Poland
64,Ellie,Bruggeman,ebruggeman1r@php.net,Female,Sweden
65,Kyrstin,Younge,kyounge1s@usgs.gov,Female,France
66,Juieta,Sandbatch,jsandbatch1t@smugmug.com,Female,Panama
67,Cecil,Jerrams,cjerrams1u@google.ca,Female,Brazil
68,Khalil,Orehead,korehead1v@walmart.com,Male,China
69,Mellisent,Durnford,mdurnford1w@altervista.org,Female,China
70,Tod,Aspole,taspole1x@parallels.com,Male,South Africa
71,Charmion,Bamford,cbamford1y@reference.com,Female,United States
72,Hobie,Wilcox,hwilcox1z@psu.edu,Male,Philippines
73,Jilly,Sindall,jsindall20@cdc.gov,Female,Indonesia
74,Siouxie,Ropcke,sropcke21@pcworld.com,Female,Russia
75,Gussie,Ellams,gellams22@jugem.jp,Female,Croatia
76,Jaymee,Reveley,jreveley23@pinterest.com,Female,China
77,Filippa,Thurstan,fthurstan24@merriam-webster.com,Female,Poland
78,Bearnard,Selland,bselland25@yellowbook.com,Male,Pakistan
79,Garrik,Dinesen,gdinesen26@house.gov,Male,Brazil
80,Chaddy,Braxay,cbraxay27@themeforest.net,Male,Russia
81,Berri,Eastgate,beastgate28@hexun.com,Female,Slovenia
82,Loella,Manneville,lmanneville29@e-recht24.de,Female,China
83,Farrah,Kubu,fkubu2a@nasa.gov,Female,China
84,Broderic,Burkwood,bburkwood2b@timesonline.co.uk,Male,Russia
85,Wilma,MacNockater,wmacnockater2c@cbc.ca,Female,United States
86,Yoshi,Laws,ylaws2d@github.io,Female,Colombia
87,Wenona,Ceresa,wceresa2e@tinyurl.com,Female,China
88,Joana,Joubert,jjoubert2f@hatena.ne.jp,Female,Democratic Republic of the Congo
89,Darryl,Chalfain,dchalfain2g@sphinn.com,Female,Greece
90,Burnaby,Chamberlaine,bchamberlaine2h@baidu.com,Male,Russia
91,Scarlett,MacNeilley,smacneilley2i@sun.com,Female,China
92,Frankie,Grabban,fgrabban2j@live.com,Female,Brazil
93,Guillermo,O'Siaghail,gosiaghail2k@shutterfly.com,Polygender,Russia
94,Misti,Eake,meake2l@slideshare.net,Female,Thailand
95,Sioux,Heath,sheath2m@pinterest.com,Female,Indonesia
96,Rania,Stooke,rstooke2n@omniture.com,Agender,Canada
97,Tally,Kingh,tkingh2o@ifeng.com,Male,Philippines
98,Trevor,Coie,tcoie2p@histats.com,Male,Brazil
99,Germayne,Trevethan,gtrevethan2q@bing.com,Male,China
100,Cathi,Evetts,cevetts2r@yandex.ru,Genderfluid,Philippines
101,Emmie,Dooher,edooher2s@uiuc.edu,Female,China
102,Tiena,Tipper,ttipper2t@google.es,Female,Russia
103,Thalia,Trevett,ttrevett2u@tumblr.com,Female,Sweden
104,Marian,Ert,mert2v@wired.com,Female,Ireland
105,Cleon,McMeeking,cmcmeeking2w@usgs.gov,Male,Poland
106,Ulysses,Ygou,uygou2x@linkedin.com,Agender,Philippines
107,Ximenes,Moppett,xmoppett2y@ucsd.edu,Male,France
108,Jeremy,Skeels,jskeels2z@oakley.com,Male,Ukraine
109,Dulciana,Goare,dgoare30@spiegel.de,Polygender,Norway
110,Reiko,Peddersen,rpeddersen31@gizmodo.com,Female,China
111,Candi,Reeme,creeme32@netlog.com,Female,Pakistan
112,Selene,Volker,svolker33@examiner.com,Female,Malaysia
113,Kassi,Crellin,kcrellin34@hp.com,Female,France
114,Eva,Maruska,emaruska35@adobe.com,Female,Vietnam
115,Abie,Gobel,agobel36@theglobeandmail.com,Male,France
116,Lib,Limpkin,llimpkin37@latimes.com,Agender,China
117,Anya,Cothey,acothey38@posterous.com,Female,Mongolia
118,Erich,Wornham,ewornham39@nih.gov,Male,Netherlands
119,Staffard,Keigher,skeigher3a@godaddy.com,Male,Brazil
120,Ingrid,Dobrowski,idobrowski3b@scientificamerican.com,Female,Czech Republic
121,Mureil,Esposita,mesposita3c@amazonaws.com,Female,Indonesia
122,Sigfried,Colnett,scolnett3d@wired.com,Male,China
123,Tiebold,Almack,talmack3e@google.com.hk,Male,Indonesia
124,Deva,Reyburn,dreyburn3f@latimes.com,Female,Russia
125,Jerrie,Awton,jawton3g@ustream.tv,Female,Serbia
126,Orly,Ogers,oogers3h@economist.com,Bigender,Portugal
127,Caro,Sackler,csackler3i@google.nl,Female,China
128,Debera,D'Souza,ddsouza3j@prnewswire.com,Female,Portugal
129,Corinne,Boyer,cboyer3k@ovh.net,Female,United States
130,Heinrik,Altham,haltham3l@mozilla.com,Male,Mauritius
131,Debbie,MacRinn,dmacrinn3m@tripadvisor.com,Female,China
132,Avrom,Manueli,amanueli3n@reuters.com,Male,Brazil
133,Mel,Hing,mhing3o@barnesandnoble.com,Male,Portugal
134,Kamila,Oxbe,koxbe3p@abc.net.au,Female,Netherlands
135,Aggi,Ralston,aralston3q@github.io,Female,Netherlands
136,Dahlia,Crown,dcrown3r@cornell.edu,Female,South Korea
137,Boot,Heineke,bheineke3s@opera.com,Genderqueer,France
138,Verena,Handrick,vhandrick3t@cnet.com,Female,China
139,Fairleigh,de Quesne,fdequesne3u@printfriendly.com,Male,Iran
140,Merrill,Dunston,mdunston3v@linkedin.com,Male,Zimbabwe
141,Carie,Riggey,criggey3w@altervista.org,Female,Russia
142,Lisa,Delahunty,ldelahunty3x@tamu.edu,Female,Brazil
143,Sherri,Keyhoe,skeyhoe3y@tripod.com,Female,Russia
144,Lynna,Toombes,ltoombes3z@ucsd.edu,Female,Poland
145,Amara,Huglin,ahuglin40@fema.gov,Genderqueer,China
146,Laural,Reed,lreed41@harvard.edu,Female,Tanzania
147,Ingra,Gianolini,igianolini42@umich.edu,Male,Angola
148,Jana,Carnihan,jcarnihan43@booking.com,Female,China
149,Nanon,Duffree,nduffree44@comcast.net,Female,Indonesia
150,Tallie,Sapena,tsapena45@wunderground.com,Male,Sweden
151,Kingsley,D'Enrico,kdenrico46@dell.com,Male,Ukraine
152,Aloysia,Rylance,arylance47@sfgate.com,Female,Italy
153,Sansone,Hysom,shysom48@squidoo.com,Male,Bosnia and Herzegovina
154,Hersch,Rossborough,hrossborough49@chron.com,Genderqueer,Brazil
155,Berty,Samwaye,bsamwaye4a@google.com.br,Female,Pakistan
156,Charity,Pankettman,cpankettman4b@tamu.edu,Female,Portugal
157,Pearce,Dur,pdur4c@cdc.gov,Male,Ukraine
158,Starr,Glazer,sglazer4d@redcross.org,Female,Philippines
159,Ramon,Aleksandrov,raleksandrov4e@google.com.br,Male,Brazil
160,Isa,Sculley,isculley4f@springer.com,Male,Sweden
161,Theresina,Hammill,thammill4g@ted.com,Female,Liechtenstein
162,Erasmus,Sinclaire,esinclaire4h@timesonline.co.uk,Male,Indonesia
163,Nikki,Probert,nprobert4i@rediff.com,Male,China
164,Curr,Rumford,crumford4j@ameblo.jp,Male,Syria
165,Andonis,Bonett,abonett4k@baidu.com,Male,Uzbekistan
166,Vinson,Chung,vchung4l@statcounter.com,Male,Benin
167,Raphaela,Gallichan,rgallichan4m@ifeng.com,Female,Portugal
168,Hubie,Jellico,hjellico4n@cyberchimps.com,Male,Costa Rica
169,Kissie,Rushman,krushman4o@instagram.com,Non-binary,Greece
170,Boycie,Bordman,bbordman4p@uol.com.br,Male,Argentina
171,Ilario,O'Crigane,iocrigane4q@github.io,Male,Russia
172,Kylynn,Gallaccio,kgallaccio4r@google.es,Female,Philippines
173,Raymond,Skirvin,rskirvin4s@fc2.com,Male,China
174,Emilio,Manz,emanz4t@smugmug.com,Male,France
175,Burr,Karlsson,bkarlsson4u@blogspot.com,Male,Indonesia
176,Corinna,Cornell,ccornell4v@edublogs.org,Female,Portugal
177,Augusto,Innes,ainnes4w@unicef.org,Male,China
178,Dacy,Lorne,dlorne4x@prlog.org,Female,China
179,Torie,Hogben,thogben4y@answers.com,Female,Finland
180,Edie,Strivens,estrivens4z@businessweek.com,Female,Norway
181,Lib,Peabody,lpeabody50@dedecms.com,Female,Indonesia
182,Conrade,Skett,cskett51@oaic.gov.au,Male,Peru
183,Vlad,Pargent,vpargent52@comsenz.com,Male,Croatia
184,Jorgan,Kohtler,jkohtler53@icio.us,Male,Egypt
185,Sherri,Ratray,sratray54@google.cn,Female,Japan
186,Van,Fantin,vfantin55@wiley.com,Female,Indonesia
187,Neysa,Cogman,ncogman56@about.com,Female,Greece
188,Dee,Brazier,dbrazier57@columbia.edu,Female,Poland
189,Lexy,Von Welden,lvonwelden58@spotify.com,Female,Guatemala
190,Gil,Leipoldt,gleipoldt59@umich.edu,Male,Russia
191,Renaud,Piddock,rpiddock5a@dell.com,Male,Argentina
192,Gail,Sworne,gsworne5b@boston.com,Male,Philippines
193,Gifford,Alfonsetto,galfonsetto5c@nba.com,Polygender,France
194,Idelle,Headech,iheadech5d@youtu.be,Female,Ireland
195,Erwin,Albasini,ealbasini5e@i2i.jp,Male,Indonesia
196,Marci,Noni,mnoni5f@usatoday.com,Female,Nigeria
197,Ulrikaumeko,Coppens,ucoppens5g@tmall.com,Bigender,China
198,Chrysler,Matzaitis,cmatzaitis5h@123-reg.co.uk,Female,Mexico
199,Indira,Ellam,iellam5i@auda.org.au,Female,Sweden
200,Cassy,Fabbri,cfabbri5j@buzzfeed.com,Female,Russia
201,Eudora,Astlett,eastlett5k@ehow.com,Female,China
202,Edythe,Ziemsen,eziemsen5l@mashable.com,Female,Indonesia
203,Art,Posselt,aposselt5m@bloglines.com,Bigender,Brazil
204,Benton,Linge,blinge5n@ucla.edu,Male,Indonesia
205,Banky,Wickenden,bwickenden5o@tinyurl.com,Male,Indonesia
206,Tiffi,Tithecote,ttithecote5p@wiley.com,Female,Sudan
207,Emery,Clemon,eclemon5q@europa.eu,Male,Indonesia
208,Jenny,Gildroy,jgildroy5r@aboutads.info,Female,France
209,Frannie,Trinder,ftrinder5s@unicef.org,Female,Philippines
210,Leif,Bowlas,lbowlas5t@mapy.cz,Male,Argentina
211,Jasper,Reinhart,jreinhart5u@comsenz.com,Male,Portugal
212,Adriaens,Jeandot,ajeandot5v@cbc.ca,Female,Slovenia
213,Charlean,Savil,csavil5w@psu.edu,Female,China
214,Jedediah,Kemston,jkemston5x@bandcamp.com,Male,China
215,Maryjane,Ibbotson,mibbotson5y@issuu.com,Female,Poland
216,Forrester,Wetherald,fwetherald5z@t.co,Male,China
217,Damita,Wolfers,dwolfers60@live.com,Female,Poland
218,Thedric,Brand,tbrand61@cam.ac.uk,Male,Venezuela
219,Brian,Crass,bcrass62@hexun.com,Male,Cuba
220,Winne,Wittey,wwittey63@about.com,Female,Brazil
221,Noll,Meenehan,nmeenehan64@comcast.net,Polygender,China
222,Fabio,Plaschke,fplaschke65@google.es,Male,Georgia
223,Brnaby,Kernes,bkernes66@taobao.com,Male,Moldova
224,Kellia,MacCrann,kmaccrann67@blog.com,Female,Portugal
225,Wendel,Mardy,wmardy68@technorati.com,Male,Uganda
226,Keefe,Harman,kharman69@w3.org,Male,China
227,Lindie,Wonfor,lwonfor6a@github.io,Female,Czech Republic
228,Nike,Ide,nide6b@hugedomains.com,Female,Nicaragua
229,Marlyn,Kubatsch,mkubatsch6c@mlb.com,Non-binary,Dominican Republic
230,Donaugh,Moles,dmoles6d@themeforest.net,Male,Guatemala
231,Lory,Andreichik,landreichik6e@tinypic.com,Female,Pakistan
232,Allan,Driussi,adriussi6f@wp.com,Male,Pakistan
233,Liesa,Barford,lbarford6g@nasa.gov,Female,Bosnia and Herzegovina
234,Bobinette,Trippett,btrippett6h@adobe.com,Female,Philippines
235,Abraham,Crittal,acrittal6i@123-reg.co.uk,Male,Japan
236,Izzy,Pauer,ipauer6j@ibm.com,Male,Iran
237,Georgianna,Rawstron,grawstron6k@google.es,Female,Indonesia
238,Robinet,Filippo,rfilippo6l@gnu.org,Male,Saint Helena
239,Antonie,Bohden,abohden6m@ihg.com,Female,Netherlands
240,Judie,Taplow,jtaplow6n@zdnet.com,Female,Brazil
241,Andrus,Utting,autting6o@free.fr,Male,United States
242,Walden,Kardos-Stowe,wkardosstowe6p@cornell.edu,Male,Cuba
243,Aurore,Agnolo,aagnolo6q@ameblo.jp,Female,Chad
244,Babette,Piff,bpiff6r@ox.ac.uk,Female,Slovenia
245,Ty,Kleinbaum,tkleinbaum6s@chicagotribune.com,Male,Tanzania
246,Duffy,Iskov,diskov6t@t-online.de,Male,Indonesia
247,Craggy,Fishenden,cfishenden6u@samsung.com,Male,Botswana
248,Ephraim,Stonier,estonier6v@dmoz.org,Male,Macedonia
249,Dottie,Clitsome,dclitsome6w@amazon.de,Female,Czech Republic
250,Donella,Byart,dbyart6x@elpais.com,Female,Tanzania
251,Dannie,Overthrow,doverthrow6y@apache.org,Female,Venezuela
252,Chrissy,Adolthine,cadolthine6z@vistaprint.com,Male,China
253,Gifford,Brittlebank,gbrittlebank70@ucla.edu,Male,South Korea
254,Cecilius,Henrionot,chenrionot71@uol.com.br,Male,China
255,June,Pesik,jpesik72@scribd.com,Genderfluid,Indonesia
256,Denny,Casella,dcasella73@ucoz.ru,Female,China
257,Stormi,Grovier,sgrovier74@bizjournals.com,Female,China
258,Archaimbaud,Scothorne,ascothorne75@wsj.com,Male,Russia
259,Cathlene,Ounsworth,counsworth76@usgs.gov,Non-binary,Argentina
260,Anjanette,Merington,amerington77@mysql.com,Female,China
261,Graeme,Ivic,givic78@dagondesign.com,Male,United States
262,Daveen,Hambelton,dhambelton79@elpais.com,Female,Peru
263,Fawnia,Dunnan,fdunnan7a@virginia.edu,Female,Guatemala
264,Rex,McIsaac,rmcisaac7b@youku.com,Male,Poland
265,Liliane,Salzberger,lsalzberger7c@vkontakte.ru,Female,Indonesia
266,Anallise,Clapison,aclapison7d@paypal.com,Female,Ukraine
267,Bent,Brake,bbrake7e@alexa.com,Male,Tuvalu
268,Iggy,Brodley,ibrodley7f@dailymail.co.uk,Male,Russia
269,Suzy,Minney,sminney7g@alibaba.com,Female,Philippines
270,Clemmie,Rexworthy,crexworthy7h@qq.com,Agender,Afghanistan
271,Mirabelle,Airey,mairey7i@dot.gov,Female,Japan
272,Saunder,Andreassen,sandreassen7j@nhs.uk,Male,Philippines
273,Gary,Thackston,gthackston7k@posterous.com,Male,Colombia
274,Daisy,Buist,dbuist7l@squidoo.com,Female,Russia
275,Ruprecht,Paten,rpaten7m@wordpress.org,Male,Philippines
276,Felike,O'Shiels,foshiels7n@example.com,Male,Mexico
277,Torrin,Brazenor,tbrazenor7o@123-reg.co.uk,Male,Indonesia
278,Francoise,Schulz,fschulz7p@dmoz.org,Female,Ukraine
279,Sacha,Thormann,sthormann7q@istockphoto.com,Female,China
280,Jethro,Pettiward,jpettiward7r@diigo.com,Male,Iraq
281,Seline,Vasyutochkin,svasyutochkin7s@squidoo.com,Female,Curacao
282,Stephi,Gartery,sgartery7t@senate.gov,Female,China
283,Troy,Lodevick,tlodevick7u@apple.com,Male,Indonesia
284,Katti,Readwin,kreadwin7v@about.com,Female,Ukraine
285,Hube,Lys,hlys7w@cornell.edu,Male,China
286,Olenolin,Hum,ohum7x@ucoz.ru,Male,Indonesia
287,Bev,Terzo,bterzo7y@netscape.com,Polygender,China
288,Bren,Patron,bpatron7z@smh.com.au,Male,Czech Republic
289,Dermot,O'Hederscoll,dohederscoll80@fotki.com,Male,Czech Republic
290,Arden,Arghent,aarghent81@shinystat.com,Female,Portugal
291,Alvie,Arangy,aarangy82@list-manage.com,Male,Russia
292,Xenos,Skotcher,xskotcher83@ucla.edu,Male,Argentina
293,Ian,Moulds,imoulds84@squarespace.com,Male,China
294,Kata,Garret,kgarret85@wufoo.com,Female,Portugal
295,Obed,Wylder,owylder86@gizmodo.com,Male,United States
296,Ellie,Tight,etight87@cyberchimps.com,Female,Russia
297,Pearle,Lettsom,plettsom88@liveinternet.ru,Female,Portugal
298,Dolley,Doiley,ddoiley89@state.tx.us,Female,Hungary
299,Hollis,Dillimore,hdillimore8a@apple.com,Male,Russia
300,Selig,Goldin,sgoldin8b@tuttocitta.it,Male,Portugal
301,Richmond,De Lasci,rdelasci8c@wix.com,Male,Ukraine
302,Batholomew,Padly,bpadly8d@google.com,Male,Russia
303,Alaine,Fiske,afiske8e@reuters.com,Female,China
304,Adolph,Brundill,abrundill8f@columbia.edu,Male,France
305,Lilian,Gladyer,lgladyer8g@shutterfly.com,Female,Czech Republic
306,Gib,Bonafacino,gbonafacino8h@hugedomains.com,Male,Poland
307,Melita,Snedden,msnedden8i@disqus.com,Female,Thailand
308,Shoshanna,Quinion,squinion8j@angelfire.com,Female,China
309,Reinaldo,Rapaport,rrapaport8k@miibeian.gov.cn,Male,Albania
310,Blanca,Colwill,bcolwill8l@unc.edu,Female,Tunisia
311,Cosme,Clunan,cclunan8m@amazon.com,Male,Venezuela
312,Abey,Ewbach,aewbach8n@dmoz.org,Male,China
313,Isidora,Frayn,ifrayn8o@webnode.com,Genderqueer,Slovenia
314,Nollie,Westmacott,nwestmacott8p@tamu.edu,Female,Japan
315,Fitzgerald,Grieger,fgrieger8q@mediafire.com,Male,Sweden
316,Marianna,Martelet,mmartelet8r@dell.com,Female,China
317,Maye,Lardier,mlardier8s@icio.us,Female,Norway
318,Price,Briatt,pbriatt8t@nhs.uk,Male,Indonesia
319,Eveleen,Jewel,ejewel8u@squidoo.com,Female,Philippines
320,Tessa,Inglish,tinglish8v@prweb.com,Female,Brazil
321,Melinda,Tumpane,mtumpane8w@storify.com,Female,Japan
322,Hy,Simioni,hsimioni8x@smugmug.com,Male,Poland
323,Fedora,Daelman,fdaelman8y@joomla.org,Female,China
324,Jeno,Sprowles,jsprowles8z@google.com,Male,Portugal
325,Rollin,Pawelec,rpawelec90@businessweek.com,Male,Sweden
326,Valry,Morten,vmorten91@marketwatch.com,Female,Indonesia
327,Massimo,Jako,mjako92@admin.ch,Male,Dominican Republic
328,Frederigo,Quickenden,fquickenden93@uiuc.edu,Male,Russia
329,Jean,Prestney,jprestney94@reverbnation.com,Male,Russia
330,Hartwell,Glison,hglison95@goo.ne.jp,Male,China
331,Bartholomeo,Petrenko,bpetrenko96@myspace.com,Male,China
332,Raina,Mont,rmont97@wikispaces.com,Female,Indonesia
333,Ive,Himpson,ihimpson98@rakuten.co.jp,Male,Swaziland
334,Silvanus,Thaine,sthaine99@sogou.com,Genderqueer,Nicaragua
335,Ruperto,Bulmer,rbulmer9a@mayoclinic.com,Male,Canada
336,Merilyn,Ginni,mginni9b@live.com,Female,Portugal
337,Dalli,Janway,djanway9c@yahoo.co.jp,Male,Moldova
338,Ardra,Tribell,atribell9d@bluehost.com,Female,Egypt
339,Letti,Blaine,lblaine9e@arizona.edu,Female,Kyrgyzstan
340,Mariquilla,Morican,mmorican9f@soundcloud.com,Female,Russia
341,Devland,Lovering,dlovering9g@smugmug.com,Male,Russia
342,Ina,Dumbare,idumbare9h@npr.org,Female,China
343,Trevar,Blight,tblight9i@amazon.co.jp,Male,Indonesia
344,Gilbertine,MacKeller,gmackeller9j@indiegogo.com,Female,Slovenia
345,Launce,Caughan,lcaughan9k@addthis.com,Male,Brazil
346,Grethel,Braksper,gbraksper9l@hostgator.com,Female,Honduras
347,Stanislaus,Ioannidis,sioannidis9m@infoseek.co.jp,Male,China
348,Olga,Every,oevery9n@foxnews.com,Female,Ukraine
349,Pia,Bouette,pbouette9o@fotki.com,Female,Czech Republic
350,Ellerey,Allred,eallred9p@stumbleupon.com,Male,China
351,Gillan,Milson,gmilson9q@kickstarter.com,Female,China
352,Freeland,Yakolev,fyakolev9r@bloglines.com,Male,Colombia
353,Sallyann,Hawking,shawking9s@nbcnews.com,Female,France
354,Aurore,O' Driscoll,aodriscoll9t@dyndns.org,Female,Portugal
355,Roman,Kaiser,rkaiser9u@smh.com.au,Male,Indonesia
356,Clayborn,Domenichini,cdomenichini9v@google.com.br,Male,United States
357,Viv,Chagg,vchagg9w@nymag.com,Female,Sweden
358,Martainn,Hansod,mhansod9x@census.gov,Male,China
359,Peter,Thripp,pthripp9y@bing.com,Male,France
360,Sheila,Darke,sdarke9z@independent.co.uk,Female,China
361,Karie,Pilley,kpilleya0@vimeo.com,Female,China
362,Algernon,Reece,areecea1@indiegogo.com,Male,China
363,Sherri,Fieldhouse,sfieldhousea2@paypal.com,Female,Sweden
364,Rockey,Coole,rcoolea3@ted.com,Male,Greece
365,Jodi,Cowlam,jcowlama4@wikispaces.com,Female,Colombia
366,Elsinore,Letrange,eletrangea5@storify.com,Female,Ireland
367,Jessey,Hayne,jhaynea6@plala.or.jp,Male,China
368,Bernardina,Surfleet,bsurfleeta7@eepurl.com,Genderfluid,Indonesia
369,Suzanne,Abelwhite,sabelwhitea8@joomla.org,Female,Brazil
370,Ludovika,Blaskett,lblasketta9@hp.com,Female,China
371,Tana,Mabbot,tmabbotaa@sphinn.com,Female,Macedonia
372,Jacqueline,Malpass,jmalpassab@blinklist.com,Female,France
373,Em,Connock,econnockac@goo.ne.jp,Female,Russia
374,Pablo,Grellis,pgrellisad@pbs.org,Male,Thailand
375,Ardelle,Seamon,aseamonae@nih.gov,Female,Serbia
376,Kevon,Dikles,kdiklesaf@japanpost.jp,Male,Russia
377,Hobie,Sarah,hsarahag@salon.com,Male,Cameroon
378,Bella,Cumpsty,bcumpstyah@last.fm,Female,Ireland
379,Alysia,McAvinchey,amcavincheyai@icio.us,Female,Indonesia
380,Gerhardine,Dudman,gdudmanaj@is.gd,Genderfluid,Mexico
381,Dimitri,D'Agostino,ddagostinoak@macromedia.com,Polygender,Philippines
382,Ella,Piwell,epiwellal@simplemachines.org,Female,Brazil
383,Jillene,Prendeguest,jprendeguestam@huffingtonpost.com,Female,Benin
384,Noll,Domegan,ndomeganan@cornell.edu,Male,China
385,Ree,Hughson,rhughsonao@opera.com,Genderqueer,Iraq
386,Julietta,Playdon,jplaydonap@xinhuanet.com,Female,Indonesia
387,Wiatt,Formby,wformbyaq@nytimes.com,Male,Sweden
388,Gilburt,Ludlamme,gludlammear@amazonaws.com,Male,Indonesia
389,Evita,Minor,eminoras@vimeo.com,Genderfluid,Japan
390,Wally,Reynoollds,wreynoolldsat@google.co.jp,Male,Finland
391,Dennis,Domanski,ddomanskiau@aol.com,Male,Zimbabwe
392,Travis,Clemerson,tclemersonav@mapquest.com,Male,Czech Republic
393,Sidney,Annes,sannesaw@ovh.net,Male,Russia
394,Lena,Pletts,lplettsax@bigcartel.com,Female,Bangladesh
395,Gaylord,Warrener,gwarreneray@drupal.org,Male,Indonesia
396,Thomasine,Stegell,tstegellaz@slate.com,Female,United States
397,Filippa,Boother,fbootherb0@issuu.com,Female,Indonesia
398,Griffie,Paradise,gparadiseb1@elegantthemes.com,Male,Bulgaria
399,Romy,Georgeau,rgeorgeaub2@arstechnica.com,Bigender,Lithuania
400,Ryann,Yurinov,ryurinovb3@gnu.org,Female,Philippines
401,Inessa,Brine,ibrineb4@mtv.com,Female,Italy
402,Glendon,Leeds,gleedsb5@cyberchimps.com,Male,Russia
403,Adaline,Gunby,agunbyb6@goodreads.com,Female,Czech Republic
404,Borden,Bodemeaid,bbodemeaidb7@homestead.com,Male,Indonesia
405,Leonidas,Broomhead,lbroomheadb8@china.com.cn,Male,Denmark
406,Margarethe,Lighten,mlightenb9@google.de,Female,Tajikistan
407,Aeriel,Crackel,acrackelba@smh.com.au,Female,Vietnam
408,Talbert,Gawith,tgawithbb@cafepress.com,Male,Spain
409,Courtenay,Klus,cklusbc@free.fr,Female,Cyprus
410,Gavra,Muge,gmugebd@cnet.com,Female,Brazil
411,Cal,Tegeller,ctegellerbe@fastcompany.com,Non-binary,China
412,Siana,Curds,scurdsbf@mapy.cz,Female,Indonesia
413,Madelina,Lodo,mlodobg@ustream.tv,Female,Mongolia
414,Elladine,Bus,ebusbh@free.fr,Female,Saint Lucia
415,Saree,Brigstock,sbrigstockbi@harvard.edu,Female,United States
416,Irvin,Matyas,imatyasbj@mlb.com,Male,Indonesia
417,Abbot,Amiranda,aamirandabk@myspace.com,Male,United States
418,Audy,Ruller,arullerbl@usgs.gov,Female,Philippines
419,Phylis,Tatem,ptatembm@mayoclinic.com,Female,Kazakhstan
420,Ferris,Knewstubb,fknewstubbbn@house.gov,Male,Ukraine
421,Erskine,Kenefick,ekenefickbo@multiply.com,Male,China
422,Ravi,Gaynes,rgaynesbp@weather.com,Genderqueer,Uganda
423,Andonis,Lammerich,alammerichbq@desdev.cn,Genderfluid,Russia
424,Giacopo,Langabeer,glangabeerbr@hibu.com,Male,Bosnia and Herzegovina
425,Hershel,Bowton,hbowtonbs@nasa.gov,Male,China
426,Dani,Veronique,dveroniquebt@kickstarter.com,Female,Canada
427,Leontine,Fields,lfieldsbu@vimeo.com,Female,Poland
428,Edmund,Filippozzi,efilippozzibv@shareasale.com,Male,Argentina
429,Tally,Sacaze,tsacazebw@ning.com,Non-binary,China
430,Gabie,Gittins,ggittinsbx@multiply.com,Female,Jordan
431,Sauncho,Vowles,svowlesby@vkontakte.ru,Male,Greece
432,Marcelle,Easum,measumbz@phoca.cz,Female,Japan
433,Cleopatra,Lars,clarsc0@slideshare.net,Polygender,Sweden
434,Audrie,Barukh,abarukhc1@tinypic.com,Female,Yemen
435,Haydon,Cattrall,hcattrallc2@trellian.com,Male,China
436,Adela,Gypps,agyppsc3@examiner.com,Polygender,Poland
437,Nial,Mellmer,nmellmerc4@istockphoto.com,Male,Colombia
438,Cletis,Pitceathly,cpitceathlyc5@dailymail.co.uk,Male,Indonesia
439,Anthea,Glasscock,aglasscockc6@omniture.com,Female,Japan
440,Sasha,Hylands,shylandsc7@independent.co.uk,Male,Russia
441,Sam,Debell,sdebellc8@tumblr.com,Male,Finland
442,Phillipe,Graveney,pgraveneyc9@indiegogo.com,Male,Honduras
443,Ali,Stobbs,astobbsca@yale.edu,Genderqueer,Mexico
444,Kristen,Tabourin,ktabourincb@xinhuanet.com,Female,China
445,Kalvin,Andrioletti,kandrioletticc@google.com.br,Male,China
446,Giavani,Oby,gobycd@facebook.com,Male,Indonesia
447,Johannes,Medforth,jmedforthce@domainmarket.com,Male,Indonesia
448,Miguelita,Allicock,mallicockcf@vk.com,Female,Portugal
449,Tracy,Sprade,tspradecg@multiply.com,Female,Greece
450,Ina,Stitt,istittch@nba.com,Female,China
451,Willdon,Plant,wplantci@mlb.com,Male,Indonesia
452,Kyle,Durram,kdurramcj@fda.gov,Female,Malaysia
453,Eugene,MacNelly,emacnellyck@ft.com,Male,China
454,Lonny,Steanyng,lsteanyngcl@vkontakte.ru,Male,Brazil
455,Carmine,Vaadeland,cvaadelandcm@printfriendly.com,Bigender,France
456,Boy,Turle,bturlecn@berkeley.edu,Male,Poland
457,Tessie,Linforth,tlinforthco@scientificamerican.com,Bigender,China
458,Justinn,Dikels,jdikelscp@sfgate.com,Female,Argentina
459,Kennith,Caffin,kcaffincq@shop-pro.jp,Male,Chile
460,Tucky,Degoix,tdegoixcr@amazonaws.com,Agender,China
461,Roland,Langan,rlangancs@tiny.cc,Male,China
462,Joshuah,Jambrozek,jjambrozekct@sina.com.cn,Male,Poland
463,Jerry,Kumaar,jkumaarcu@gnu.org,Male,China
464,Glynnis,Mulvy,gmulvycv@ucoz.com,Female,Spain
465,Ruprecht,Brittle,rbrittlecw@51.la,Male,Indonesia
466,Kin,Cremin,kcremincx@eepurl.com,Male,Azerbaijan
467,Bayard,Dhennin,bdhennincy@soundcloud.com,Male,Mexico
468,Garey,Donhardt,gdonhardtcz@multiply.com,Male,Indonesia
469,Hugibert,Dawidowsky,hdawidowskyd0@spiegel.de,Male,Lithuania
470,Gizela,Guerin,gguerind1@github.com,Female,Canada
471,Stacy,Carnew,scarnewd2@mlb.com,Female,Greece
472,Kyle,Trubshaw,ktrubshawd3@comcast.net,Male,Ukraine
473,Matthieu,Schowenburg,mschowenburgd4@phpbb.com,Genderfluid,Nigeria
474,Gilemette,Bedborough,gbedboroughd5@slideshare.net,Female,China
475,Abigael,Dizlie,adizlied6@unc.edu,Female,Armenia
476,Joan,Larcier,jlarcierd7@walmart.com,Female,Sweden
477,Germana,Wetherburn,gwetherburnd8@icq.com,Female,Bulgaria
478,Colman,Worlock,cworlockd9@webeden.co.uk,Male,Laos
479,Jesse,Tarplee,jtarpleeda@tinyurl.com,Male,Finland
480,Fergus,Ramalho,framalhodb@hibu.com,Male,Serbia
481,Ephrayim,Crosfield,ecrosfielddc@mit.edu,Male,China
482,Alard,Halfhyde,ahalfhydedd@cloudflare.com,Male,Lithuania
483,Brittan,Tweede,btweedede@opensource.org,Female,Indonesia
484,Helenka,Pipkin,hpipkindf@ted.com,Female,Poland
485,Florina,Marunchak,fmarunchakdg@php.net,Female,Kyrgyzstan
486,Harriet,Gerhardt,hgerhardtdh@icq.com,Female,Micronesia
487,Bart,Tibb,btibbdi@google.ca,Male,Philippines
488,Milicent,Thorsen,mthorsendj@guardian.co.uk,Female,China
489,Guillaume,Avramov,gavramovdk@kickstarter.com,Male,Vietnam
490,Blanch,Buckel,bbuckeldl@squidoo.com,Female,Mexico
491,Carney,Drakeley,cdrakeleydm@unesco.org,Male,Argentina
492,Antoine,McKinnon,amckinnondn@tuttocitta.it,Male,Canada
493,Teressa,Stronghill,tstronghilldo@bloomberg.com,Female,Peru
494,Jed,Ackermann,jackermanndp@ehow.com,Male,Portugal
495,Neala,Moorerud,nmooreruddq@smh.com.au,Female,China
496,Yolande,Paolotto,ypaolottodr@craigslist.org,Non-binary,China
497,Persis,Bonde,pbondeds@ibm.com,Female,Portugal
498,Ellsworth,Edens,eedensdt@mozilla.com,Male,China
499,Hasheem,Leathers,hleathersdu@instagram.com,Male,Canada
500,Gaelan,Craske,gcraskedv@google.de,Male,China
501,Brett,Armatys,barmatysdw@over-blog.com,Genderfluid,Pakistan
502,Emlynne,Pepall,epepalldx@timesonline.co.uk,Female,Russia
503,Cyndy,Oldroyde,coldroydedy@shop-pro.jp,Female,North Korea
504,Kora,Scroggins,kscrogginsdz@forbes.com,Female,Haiti
505,Dorthea,Dunthorn,ddunthorne0@google.it,Female,China
506,Dante,Breitling,dbreitlinge1@amazon.co.jp,Male,China
507,Dorette,Remer,dremere2@tuttocitta.it,Female,China
508,Penrod,Denzey,pdenzeye3@oakley.com,Male,Ecuador
509,Rolfe,Tolland,rtollande4@boston.com,Male,Poland
510,Maxim,Rockhill,mrockhille5@wix.com,Male,Jamaica
511,Sara,Puller,spullere6@ovh.net,Female,Libya
512,Isaak,Flanne,iflannee7@nydailynews.com,Male,United States
513,Marla,Cosgriff,mcosgriffe8@istockphoto.com,Genderqueer,Guatemala
514,Rani,Pereira,rpereirae9@macromedia.com,Female,Costa Rica
515,Erinna,Freer,efreerea@reference.com,Female,Netherlands
516,Giffie,Sine,gsineeb@prlog.org,Male,Indonesia
517,Dougie,Mor,dmorec@ft.com,Male,Russia
518,Milt,Kinvig,mkinviged@amazon.co.jp,Male,Estonia
519,Odie,Hampstead,ohampsteadee@stumbleupon.com,Male,France
520,Candi,Gallatly,cgallatlyef@live.com,Female,Marshall Islands
521,Windham,Welford,wwelfordeg@pcworld.com,Male,China
522,Aguste,Viall,avialleh@craigslist.org,Male,Indonesia
523,Ellsworth,Veljes,eveljesei@cnbc.com,Male,Czech Republic
524,Merry,Ducker,mduckerej@dell.com,Male,China
525,Claudianus,Arter,carterek@about.me,Male,China
526,Laurel,Welfair,lwelfairel@ovh.net,Female,Philippines
527,Cody,Menichillo,cmenichilloem@vinaora.com,Female,Brazil
528,Milissent,Dolligon,mdolligonen@histats.com,Female,South Korea
529,Bel,Burles,bburleseo@smh.com.au,Female,Malaysia
530,Stern,Leather,sleatherep@hao123.com,Male,Philippines
531,Clare,Cuphus,ccuphuseq@liveinternet.ru,Female,Portugal
532,Enrico,Greenland,egreenlander@ca.gov,Male,Czech Republic
533,Jeth,Rosedale,jrosedalees@chron.com,Male,United States
534,Wallas,Wolford,wwolfordet@so-net.ne.jp,Male,Philippines
535,Aili,Furmage,afurmageeu@cafepress.com,Female,France
536,Amitie,Kemston,akemstonev@ustream.tv,Genderfluid,Mexico
537,Minne,Syme,msymeew@addtoany.com,Female,Israel
538,Billye,Harler,bharlerex@vinaora.com,Genderqueer,Sweden
539,Bradley,Piddington,bpiddingtoney@squidoo.com,Male,Guinea-Bissau
540,Hildegaard,Domokos,hdomokosez@google.com,Female,Comoros
541,Birch,Bowell,bbowellf0@technorati.com,Male,China
542,Ali,Pescod,apescodf1@prnewswire.com,Female,China
543,Diahann,Dell'Abbate,ddellabbatef2@wix.com,Polygender,Greece
544,Kelsi,Baugh,kbaughf3@bloglovin.com,Female,Argentina
545,Teri,MacTrustram,tmactrustramf4@discuz.net,Female,Sweden
546,Chucho,Ewings,cewingsf5@yahoo.com,Male,Poland
547,Grady,Baume,gbaumef6@acquirethisname.com,Male,Indonesia
548,Yance,Kingerby,ykingerbyf7@about.com,Male,Ireland
549,Dicky,Duran,dduranf8@reference.com,Male,Brazil
550,Dori,D'Oyly,ddoylyf9@live.com,Female,Ukraine
551,Alwin,Goodoune,agoodounefa@reverbnation.com,Male,Portugal
552,Abran,Croser,acroserfb@goodreads.com,Male,Brazil
553,Marcos,McGoldrick,mmcgoldrickfc@woothemes.com,Male,Indonesia
554,Nelli,Bayns,nbaynsfd@nationalgeographic.com,Female,Egypt
555,Tera,Cumberbatch,tcumberbatchfe@purevolume.com,Female,Indonesia
556,Raynor,Prangnell,rprangnellff@tumblr.com,Male,Indonesia
557,Dorey,Joska,djoskafg@ihg.com,Female,China
558,Emlyn,Letcher,eletcherfh@businessinsider.com,Female,Serbia
559,Pete,Westall,pwestallfi@unc.edu,Male,Indonesia
560,Toby,Gornal,tgornalfj@arstechnica.com,Female,Philippines
561,Cyrillus,Kingsmill,ckingsmillfk@google.it,Male,Indonesia
562,Chalmers,Lamkin,clamkinfl@geocities.com,Male,China
563,Irvine,Cronchey,icroncheyfm@icq.com,Male,Philippines
564,Starla,Bolliver,sbolliverfn@spotify.com,Female,China
565,Caressa,Szimon,cszimonfo@yolasite.com,Female,China
566,Thain,Lassetter,tlassetterfp@hugedomains.com,Male,China
567,Theadora,Hargey,thargeyfq@mozilla.com,Bigender,Czech Republic
568,Kalinda,Vinecombe,kvinecombefr@businessinsider.com,Female,East Timor
569,Jackie,Ponnsett,jponnsettfs@soundcloud.com,Male,Indonesia
570,Reagan,Attarge,rattargeft@nsw.gov.au,Male,Indonesia
571,Rodrick,Siemianowicz,rsiemianowiczfu@statcounter.com,Male,China
572,Piper,Selway,pselwayfv@blogs.com,Female,Bulgaria
573,Boone,Henniger,bhennigerfw@soup.io,Male,Cuba
574,Genvieve,McFadzean,gmcfadzeanfx@un.org,Female,Honduras
575,Walliw,Minchenton,wminchentonfy@unesco.org,Female,Mongolia
576,Slade,Vassar,svassarfz@ihg.com,Male,Fiji
577,Freddie,Swinn,fswinng0@japanpost.jp,Female,Philippines
578,Valentijn,Twidle,vtwidleg1@theguardian.com,Male,Colombia
579,Dewitt,Rief,driefg2@discuz.net,Male,Russia
580,Craggie,Gwinnell,cgwinnellg3@house.gov,Male,Poland
581,Archie,Culy,aculyg4@narod.ru,Male,Indonesia
582,Gabbie,Tejada,gtejadag5@salon.com,Genderqueer,Sweden
583,Bronny,Khrishtafovich,bkhrishtafovichg6@craigslist.org,Male,Brazil
584,Sterne,Seymer,sseymerg7@creativecommons.org,Male,Nigeria
585,Chris,Hindrick,chindrickg8@elegantthemes.com,Male,China
586,Barbie,Lissandri,blissandrig9@diigo.com,Female,Thailand
587,Ediva,Day,edayga@virginia.edu,Female,China
588,Jackie,Geare,jgearegb@blogspot.com,Polygender,Portugal
589,Onfroi,Jakoub,ojakoubgc@wp.com,Male,Poland
590,Morry,Hagergham,mhagerghamgd@techcrunch.com,Male,Poland
591,Mattie,Naisey,mnaiseyge@forbes.com,Male,Belarus
592,Donella,Kalberer,dkalberergf@gov.uk,Female,Sweden
593,Gardie,Berks,gberksgg@geocities.jp,Male,Poland
594,Imogene,Klaff,iklaffgh@weibo.com,Female,China
595,Cordy,Daldan,cdaldangi@answers.com,Male,Honduras
596,Karil,Brimson,kbrimsongj@amazon.de,Female,Czech Republic
597,Pris,Fincken,pfinckengk@springer.com,Female,Portugal
598,Rad,Malafe,rmalafegl@seattletimes.com,Polygender,Colombia
599,Wanda,Pilipets,wpilipetsgm@samsung.com,Female,Greece
600,Gates,Jirieck,gjirieckgn@1688.com,Female,United States
601,Holt,Welden,hweldengo@de.vu,Male,Czech Republic
602,Cybill,Samworth,csamworthgp@hao123.com,Female,Germany
603,Peyter,Osburn,posburngq@1688.com,Polygender,Indonesia
604,Ringo,Suermeiers,rsuermeiersgr@clickbank.net,Male,China
605,Arabel,Hischke,ahischkegs@flavors.me,Female,Indonesia
606,Andre,Grainge,agraingegt@pen.io,Male,Canada
607,Genni,Makiver,gmakivergu@omniture.com,Female,Canada
608,Isis,Overel,ioverelgv@wikimedia.org,Female,Japan
609,Ivonne,Eighteen,ieighteengw@cocolog-nifty.com,Female,Kenya
610,Miguel,Mullally,mmullallygx@163.com,Agender,Poland
611,Tamra,Predohl,tpredohlgy@histats.com,Female,Czech Republic
612,Tracy,Frisel,tfriselgz@lulu.com,Male,China
613,Micki,Loughlin,mloughlinh0@un.org,Bigender,Guam
614,Boigie,McCathay,bmccathayh1@indiegogo.com,Male,China
615,Artemis,McCowan,amccowanh2@1688.com,Polygender,Poland
616,Benedikta,Brummitt,bbrummitth3@umn.edu,Polygender,Russia
617,Giuseppe,Baroc,gbaroch4@vistaprint.com,Male,United States
618,Martha,O'Doherty,modohertyh5@last.fm,Bigender,China
619,Ailene,Peschmann,apeschmannh6@webmd.com,Polygender,Sweden
620,Nathaniel,Gleave,ngleaveh7@redcross.org,Agender,Philippines
621,Ethe,Rubert,eruberth8@is.gd,Male,Japan
622,Corny,Rushsorth,crushsorthh9@dropbox.com,Polygender,China
623,Janna,Symson,jsymsonha@360.cn,Female,Russia
624,Mariele,Lermouth,mlermouthhb@netscape.com,Female,Thailand
625,Peg,Jarvie,pjarviehc@seesaa.net,Female,Russia
626,Angeli,Dallinder,adallinderhd@marriott.com,Male,Indonesia
627,Freemon,Brisley,fbrisleyhe@dot.gov,Bigender,France
628,Delilah,Mucklestone,dmucklestonehf@hubpages.com,Female,China
629,Rosemarie,Dei,rdeihg@wikimedia.org,Genderfluid,Syria
630,Alfons,Monteith,amonteithhh@lycos.com,Male,Peru
631,Margery,O'Hearn,mohearnhi@redcross.org,Female,Canada
632,Alley,Inglesent,ainglesenthj@jigsy.com,Male,Zimbabwe
633,Brander,Pettisall,bpettisallhk@exblog.jp,Male,United States
634,Ransom,Aharoni,raharonihl@bbb.org,Male,Bangladesh
635,Mirilla,Courvert,mcourverthm@statcounter.com,Female,China
636,Abraham,Dufore,aduforehn@examiner.com,Male,Botswana
637,Laurette,Magson,lmagsonho@opera.com,Female,China
638,Wenona,de Broke,wdebrokehp@thetimes.co.uk,Female,Brazil
639,Dean,Blay,dblayhq@blogger.com,Male,Brazil
640,Valera,Colville,vcolvillehr@dell.com,Female,Pakistan
641,Loren,Coultous,lcoultoushs@ted.com,Female,France
642,Aurthur,Hulse,ahulseht@nifty.com,Male,Russia
643,Bobby,Netting,bnettinghu@stumbleupon.com,Non-binary,Ethiopia
644,Kassia,Mapston,kmapstonhv@auda.org.au,Female,Brazil
645,Gabriello,Ezzle,gezzlehw@reuters.com,Male,Cuba
646,Georgina,Heinzel,gheinzelhx@irs.gov,Female,Philippines
647,Gillan,McGivena,gmcgivenahy@va.gov,Female,Indonesia
648,Eirena,Barbara,ebarbarahz@github.io,Female,Uzbekistan
649,Aristotle,Guirard,aguirardi0@noaa.gov,Male,China
650,Vanya,Melarkey,vmelarkeyi1@merriam-webster.com,Male,Netherlands
651,Beau,Bazoge,bbazogei2@techcrunch.com,Agender,China
652,Hugo,Bramont,hbramonti3@rakuten.co.jp,Male,Sweden
653,Warde,Girling,wgirlingi4@omniture.com,Male,Czech Republic
654,Catie,Ince,cincei5@shutterfly.com,Female,Serbia
655,Melinde,Dargan,mdargani6@wired.com,Female,Philippines
656,Timi,Musla,tmuslai7@symantec.com,Female,Ethiopia
657,Blaire,Edis,bedisi8@about.me,Female,Nigeria
658,Maire,Rudderham,mrudderhami9@sun.com,Female,Indonesia
659,Demetris,Southey,dsoutheyia@sphinn.com,Female,Indonesia
660,Cleo,Pizzey,cpizzeyib@networkadvertising.org,Female,Philippines
661,Sunny,Gilling,sgillingic@live.com,Male,France
662,Domingo,Sporton,dsportonid@bizjournals.com,Male,China
663,Lelia,Rubury,lruburyie@example.com,Female,Indonesia
664,Remy,Boots,rbootsif@deliciousdays.com,Female,China
665,Berget,Niemetz,bniemetzig@narod.ru,Female,Greece
666,Bard,Dark,bdarkih@pbs.org,Genderfluid,Czech Republic
667,Josselyn,Brunsen,jbrunsenii@51.la,Female,China
668,Greggory,Jaquiss,gjaquissij@usda.gov,Male,Brazil
669,Rickert,Pauletto,rpaulettoik@bizjournals.com,Male,Mexico
670,Lizbeth,Casarino,lcasarinoil@ameblo.jp,Female,Japan
671,Monti,Hansford,mhansfordim@howstuffworks.com,Male,Bosnia and Herzegovina
672,Gerrilee,Averall,gaverallin@homestead.com,Female,China
673,Danila,Attenborrow,dattenborrowio@deviantart.com,Female,China
674,Benton,Gerrets,bgerretsip@sciencedirect.com,Male,Jordan
675,Enoch,Winch,ewinchiq@msn.com,Male,Greece
676,Arabele,Simonassi,asimonassiir@behance.net,Female,Russia
677,Dante,Bignold,dbignoldis@alibaba.com,Male,Ukraine
678,Mauricio,Braban,mbrabanit@comsenz.com,Male,Colombia
679,Druci,Hempel,dhempeliu@slideshare.net,Female,Philippines
680,Hy,Vinten,hvinteniv@sphinn.com,Male,Albania
681,Tessa,Geary,tgearyiw@hubpages.com,Female,Costa Rica
682,Bartel,Gresly,bgreslyix@myspace.com,Male,Peru
683,Marysa,Cahill,mcahilliy@shinystat.com,Non-binary,Czech Republic
684,Caryl,Blythe,cblytheiz@techcrunch.com,Female,Sweden
685,Erwin,Potte,epottej0@dropbox.com,Male,Greece
686,Rutger,Thickins,rthickinsj1@seattletimes.com,Male,Indonesia
687,Karmen,Melley,kmelleyj2@ucsd.edu,Female,Moldova
688,Antonius,Jarnell,ajarnellj3@simplemachines.org,Bigender,France
689,Gustavus,Dukelow,gdukelowj4@earthlink.net,Male,China
690,Cherida,McDermott-Row,cmcdermottrowj5@mashable.com,Agender,Honduras
691,Shawna,Summergill,ssummergillj6@about.me,Female,Brazil
692,Ulrica,Ormerod,uormerodj7@mozilla.com,Polygender,China
693,Row,Southward,rsouthwardj8@gmpg.org,Female,Sweden
694,Eduardo,Somers,esomersj9@apple.com,Male,China
695,Agace,Simic,asimicja@wufoo.com,Female,United States
696,Cathi,Ronchetti,cronchettijb@house.gov,Female,Brazil
697,Lissa,Oag,loagjc@bravesites.com,Female,Venezuela
698,Emmanuel,Courtois,ecourtoisjd@narod.ru,Male,Indonesia
699,Emalee,Emilien,eemilienje@aol.com,Female,Japan
700,Cordelie,Penna,cpennajf@51.la,Female,Philippines
701,Kellie,Doumenc,kdoumencjg@blinklist.com,Female,Indonesia
702,Gilles,Kleinlerer,gkleinlererjh@taobao.com,Male,Ireland
703,Kylen,Lebrun,klebrunji@arstechnica.com,Female,China
704,Gunilla,Alvin,galvinjj@rambler.ru,Female,Brazil
705,Fanchon,Croisier,fcroisierjk@altervista.org,Female,South Korea
706,Sarajane,Poll,spolljl@list-manage.com,Female,Japan
707,Patricio,Bridden,pbriddenjm@npr.org,Male,Uruguay
708,Fritz,Frowde,ffrowdejn@huffingtonpost.com,Male,Russia
709,Fayth,Meiner,fmeinerjo@disqus.com,Genderfluid,Nigeria
710,Gypsy,McCalister,gmccalisterjp@skyrock.com,Female,Germany
711,Kathryne,Fucher,kfucherjq@spiegel.de,Agender,Japan
712,Horst,Burgiss,hburgissjr@google.fr,Male,Poland
713,Gabriello,Silver,gsilverjs@xing.com,Male,China
714,Leonelle,Lambdin,llambdinjt@arstechnica.com,Female,Canada
715,Marlon,Jewitt,mjewittju@ucoz.com,Male,China
716,Bernice,Giacomi,bgiacomijv@shareasale.com,Female,Philippines
717,Binnie,Castellino,bcastellinojw@discovery.com,Female,Nigeria
718,Erinna,Dougal,edougaljx@hostgator.com,Female,China
719,Anya,Huyhton,ahuyhtonjy@sfgate.com,Non-binary,Indonesia
720,Loise,Sides,lsidesjz@cnbc.com,Female,Mexico
721,Benita,Sola,bsolak0@github.com,Female,United States
722,Salim,Shillito,sshillitok1@over-blog.com,Male,China
723,Thebault,Acreman,tacremank2@blog.com,Male,Indonesia
724,Herman,Goldring,hgoldringk3@toplist.cz,Male,Jamaica
725,Velvet,Jonas,vjonask4@xing.com,Polygender,Vietnam
726,Gipsy,Dunkerk,gdunkerkk5@comcast.net,Female,Thailand
727,Veronique,McQuorkell,vmcquorkellk6@answers.com,Female,Philippines
728,Richmond,Pull,rpullk7@fc2.com,Male,Spain
729,Alexandros,Tanfield,atanfieldk8@livejournal.com,Male,Brazil
730,Ealasaid,Sweedy,esweedyk9@google.com.au,Female,Japan
731,Laureen,Clendening,lclendeningka@moonfruit.com,Female,Indonesia
732,Mordy,Boman,mbomankb@phpbb.com,Male,Philippines
733,Wallas,Bartley,wbartleykc@cbsnews.com,Male,Japan
734,Casie,Blazewicz,cblazewiczkd@discuz.net,Female,China
735,Lela,Carletto,lcarlettoke@opera.com,Female,Ukraine
736,Eilis,Odd,eoddkf@merriam-webster.com,Genderfluid,Croatia
737,Norry,Danielli,ndaniellikg@youtube.com,Male,Brazil
738,Kala,Sinclar,ksinclarkh@posterous.com,Female,Japan
739,Siegfried,Scoyles,sscoyleski@squarespace.com,Male,United States
740,Mariejeanne,Luton,mlutonkj@vk.com,Non-binary,Portugal
741,Madelle,Louiset,mlouisetkk@un.org,Female,Greece
742,Aluin,Thunderman,athundermankl@dell.com,Male,Nigeria
743,Samaria,Treasaden,streasadenkm@vinaora.com,Non-binary,Bosnia and Herzegovina
744,Kain,Darlow,kdarlowkn@mediafire.com,Male,East Timor
745,Francisco,Giraux,fgirauxko@mapquest.com,Male,Myanmar
746,Iseabal,Izod,iizodkp@scientificamerican.com,Female,Sweden
747,Cosimo,Wickes,cwickeskq@illinois.edu,Male,Afghanistan
748,Bethena,Quinnell,bquinnellkr@chronoengine.com,Female,Russia
749,Pablo,Acum,pacumks@friendfeed.com,Male,Russia
750,Tabor,Ollie,tolliekt@discovery.com,Male,China
751,Deb,Mival,dmivalku@slate.com,Female,Liechtenstein
752,Nomi,Emanueli,nemanuelikv@xrea.com,Female,Indonesia
753,Staford,Podmore,spodmorekw@bluehost.com,Male,Philippines
754,Damien,Roylance,droylancekx@mac.com,Polygender,China
755,Minta,Benza,mbenzaky@hostgator.com,Genderfluid,Thailand
756,Owen,Dunster,odunsterkz@nytimes.com,Male,Ukraine
757,Lorita,Haddleton,lhaddletonl0@ucoz.ru,Female,Philippines
758,Leese,Wallworth,lwallworthl1@java.com,Female,Indonesia
759,Tannie,Sessions,tsessionsl2@infoseek.co.jp,Male,Iran
760,Binny,Basso,bbassol3@ebay.co.uk,Female,Canada
761,Hugibert,Cometto,hcomettol4@wsj.com,Male,Sweden
762,Mirilla,Ching,mchingl5@tumblr.com,Female,China
763,Mattie,Galiero,mgalierol6@creativecommons.org,Genderqueer,China
764,Tyrone,Sabbatier,tsabbatierl7@skyrock.com,Male,China
765,Idell,Gerold,igeroldl8@rediff.com,Genderfluid,Poland
766,Fletcher,Block,fblockl9@goo.gl,Male,Netherlands
767,Martynne,Cumberledge,mcumberledgela@opera.com,Female,Russia
768,Sile,Swanborough,sswanboroughlb@mediafire.com,Female,China
769,Fitz,Kennea,fkennealc@geocities.jp,Male,France
770,Kissiah,Traylen,ktraylenld@reddit.com,Female,Mongolia
771,Wynn,Le Brun,wlebrunle@joomla.org,Male,Nigeria
772,Morten,Daly,mdalylf@vk.com,Male,Portugal
773,Cedric,Eastlake,ceastlakelg@shop-pro.jp,Male,Brazil
774,Raymund,Grigoire,rgrigoirelh@ftc.gov,Male,Sweden
775,Babs,Essberger,bessbergerli@ca.gov,Agender,Japan
776,Garwin,Maylam,gmaylamlj@bloglovin.com,Male,Thailand
777,Ingunna,Cobley,icobleylk@about.me,Female,Colombia
778,Sybille,Screech,sscreechll@indiegogo.com,Female,Syria
779,Ariadne,Alloisi,aalloisilm@ning.com,Female,Thailand
780,Justino,Rushbury,jrushburyln@edublogs.org,Male,Honduras
781,Mark,Aikenhead,maikenheadlo@cdbaby.com,Male,Egypt
782,Arlin,Whitney,awhitneylp@pcworld.com,Polygender,China
783,Patricia,Verlinde,pverlindelq@php.net,Female,Iran
784,Brana,Tindle,btindlelr@apple.com,Female,United States
785,Ilsa,O'Haire,iohairels@vkontakte.ru,Bigender,China
786,Hunt,Rudgerd,hrudgerdlt@army.mil,Male,Sweden
787,Bogart,Alastair,balastairlu@forbes.com,Male,Kazakhstan
788,Lelah,Molian,lmolianlv@privacy.gov.au,Female,China
789,Cherie,Von Der Empten,cvonderemptenlw@columbia.edu,Female,China
790,Edd,Bulfield,ebulfieldlx@google.com.au,Male,Portugal
791,Dani,Figliovanni,dfigliovannily@com.com,Male,Portugal
792,Boote,Faloon,bfaloonlz@twitpic.com,Male,Nigeria
793,Grazia,Loidl,gloidlm0@cafepress.com,Female,Poland
794,Magdaia,Klimkiewich,mklimkiewichm1@redcross.org,Bigender,Indonesia
795,Georas,Bleasdille,gbleasdillem2@census.gov,Male,Philippines
796,Orson,Beardmore,obeardmorem3@google.co.uk,Male,France
797,Tabitha,Stoyle,tstoylem4@cam.ac.uk,Female,Indonesia
798,Gabrielle,Matis,gmatism5@biblegateway.com,Female,Czech Republic
799,Hannie,Clarridge,hclarridgem6@mit.edu,Female,China
800,Gideon,Bedborough,gbedboroughm7@google.nl,Male,Portugal
801,Theodoric,Drews,tdrewsm8@bloglovin.com,Male,China
802,Miran,Comusso,mcomussom9@mashable.com,Female,Indonesia
803,Meir,Mathews,mmathewsma@pbs.org,Male,Yemen
804,Cleon,Wride,cwridemb@hatena.ne.jp,Male,Mexico
805,Katalin,Varnham,kvarnhammc@reuters.com,Female,Greece
806,Brandyn,Colclough,bcolcloughmd@goo.gl,Male,Sweden
807,Darsie,Lippingwell,dlippingwellme@ameblo.jp,Female,Indonesia
808,Shayne,Simkins,ssimkinsmf@amazon.co.uk,Genderqueer,China
809,Tris,Rodway,trodwaymg@tiny.cc,Male,Russia
810,Moreen,MacKowle,mmackowlemh@bbb.org,Female,Brazil
811,Waldon,Behn,wbehnmi@webmd.com,Male,China
812,Sanders,Bengoechea,sbengoecheamj@ovh.net,Male,Albania
813,Dori,Colqueran,dcolqueranmk@uiuc.edu,Female,Brazil
814,Kimberlee,Chalcraft,kchalcraftml@seattletimes.com,Female,Venezuela
815,Travers,Rodie,trodiemm@tmall.com,Male,Canada
816,Broddy,Pallaske,bpallaskemn@reuters.com,Male,China
817,Marcus,Pressdee,mpressdeemo@domainmarket.com,Genderqueer,Moldova
818,Carson,Alliberton,callibertonmp@skype.com,Male,Syria
819,Randolph,Van der Kruys,rvanderkruysmq@blogger.com,Male,China
820,Otho,Willets,owilletsmr@google.nl,Male,Albania
821,Edin,Eicheler,eeichelerms@ft.com,Female,Czech Republic
822,Gerrie,Birdall,gbirdallmt@hibu.com,Genderqueer,Brazil
823,Augusto,Howieson,ahowiesonmu@de.vu,Male,Peru
824,Jedediah,Janoschek,jjanoschekmv@liveinternet.ru,Male,China
825,Sabina,Dalli,sdallimw@vkontakte.ru,Female,Syria
826,Ivett,Hallwood,ihallwoodmx@naver.com,Female,Indonesia
827,Cristine,Kave,ckavemy@desdev.cn,Female,Botswana
828,Vick,Pickett,vpickettmz@bluehost.com,Bigender,China
829,Carroll,Hacker,chackern0@mtv.com,Male,Colombia
830,Calida,Toffanelli,ctoffanellin1@theatlantic.com,Female,Philippines
831,Fowler,Handover,fhandovern2@timesonline.co.uk,Male,China
832,Elisha,Ebbins,eebbinsn3@flavors.me,Male,China
833,Claybourne,Jodrelle,cjodrellen4@angelfire.com,Male,China
834,Addy,Reddan,areddann5@businessweek.com,Male,Brazil
835,Joshia,Dealey,jdealeyn6@bizjournals.com,Male,Sierra Leone
836,Ophelia,Newing,onewingn7@wikispaces.com,Female,China
837,Nichols,Busain,nbusainn8@amazon.co.uk,Male,Guatemala
838,Jennine,Cobello,jcobellon9@craigslist.org,Female,Germany
839,Paige,Pearsey,ppearseyna@paginegialle.it,Male,Albania
840,Rafi,Getcliffe,rgetcliffenb@free.fr,Male,Russia
841,Andee,Snedden,asneddennc@discuz.net,Female,Armenia
842,Miranda,Leabeater,mleabeaternd@dmoz.org,Female,China
843,Nisse,Kohn,nkohnne@myspace.com,Female,Brazil
844,Morris,Jahnig,mjahnignf@hc360.com,Male,China
845,Augustina,Lethley,alethleyng@behance.net,Female,China
846,Marylee,Heavy,mheavynh@weibo.com,Female,China
847,Carlee,McBrier,cmcbrierni@scribd.com,Female,China
848,Katee,Chaffey,kchaffeynj@liveinternet.ru,Female,China
849,Ivor,Clissett,iclissettnk@altervista.org,Male,China
850,Andy,Malcher,amalchernl@mit.edu,Female,Bangladesh
851,Pat,Dagger,pdaggernm@ihg.com,Female,Indonesia
852,Hadleigh,Gottelier,hgotteliernn@tinyurl.com,Male,Pakistan
853,Jennine,Fisby,jfisbyno@weebly.com,Female,China
854,Hazel,Treadaway,htreadawaynp@canalblog.com,Male,Philippines
855,Michelina,Beinke,mbeinkenq@berkeley.edu,Female,Poland
856,Burl,Hobble,bhobblenr@nhs.uk,Male,Armenia
857,Elwyn,Denington,edeningtonns@xing.com,Male,Afghanistan
858,Dodie,Zorzin,dzorzinnt@discuz.net,Female,China
859,Anny,Shropshire,ashropshirenu@tamu.edu,Female,Sweden
860,Cassie,Klink,cklinknv@unicef.org,Female,France
861,Nissa,Leynham,nleynhamnw@cisco.com,Female,Vietnam
862,Minni,Mallan,mmallannx@networksolutions.com,Female,Hong Kong
863,Burgess,Craydon,bcraydonny@goodreads.com,Male,Russia
864,Aldis,Angear,aangearnz@hostgator.com,Agender,China
865,Eldon,Laban,elabano0@alibaba.com,Non-binary,Italy
866,Gaile,Dionisii,gdionisiio1@engadget.com,Male,Solomon Islands
867,Jess,Foskew,jfoskewo2@jugem.jp,Female,Iran
868,Timothea,Winsborrow,twinsborrowo3@newsvine.com,Female,Montenegro
869,Forester,Dilkes,fdilkeso4@goodreads.com,Agender,United Kingdom
870,Donnajean,O'Reilly,doreillyo5@jigsy.com,Female,Croatia
871,Delora,Richardes,drichardeso6@buzzfeed.com,Female,China
872,Nora,Lathwell,nlathwello7@amazonaws.com,Female,France
873,Chicky,Holbury,cholburyo8@vkontakte.ru,Male,Croatia
874,Tilly,Sirette,tsiretteo9@dailymail.co.uk,Female,Philippines
875,Cynthie,Sollom,csollomoa@adobe.com,Genderfluid,Macedonia
876,Patrice,Packer,ppackerob@tiny.cc,Male,Gabon
877,Faina,Asgodby,fasgodbyoc@freewebs.com,Female,Uganda
878,Erinn,Allerton,eallertonod@mashable.com,Female,Portugal
879,Constantina,Gotecliffe,cgotecliffeoe@washington.edu,Female,Albania
880,Renado,Pickrell,rpickrellof@163.com,Male,China
881,Scotti,Delucia,sdeluciaog@facebook.com,Male,China
882,Stephie,Nozzolinii,snozzoliniioh@telegraph.co.uk,Female,Brazil
883,Dael,Jeyes,djeyesoi@apache.org,Female,China
884,Danny,Ferrarone,dferraroneoj@globo.com,Female,Haiti
885,Montgomery,Ledes,mledesok@patch.com,Male,Jordan
886,Enos,Gewer,egewerol@economist.com,Male,Palestinian Territory
887,Emelita,Owthwaite,eowthwaiteom@netlog.com,Female,Portugal
888,Ellissa,Zuppa,ezuppaon@eepurl.com,Female,Norway
889,Terrence,Worthing,tworthingoo@odnoklassniki.ru,Genderfluid,China
890,Fowler,Camden,fcamdenop@wired.com,Male,China
891,Nertie,Carloni,ncarlonioq@ocn.ne.jp,Female,China
892,Deedee,Neljes,dneljesor@archive.org,Female,Mongolia
893,Renell,Cannon,rcannonos@who.int,Female,China
894,Sawyere,Liddington,sliddingtonot@bandcamp.com,Male,Syria
895,Dody,Macura,dmacuraou@dion.ne.jp,Female,Tanzania
896,Anette,Sked,askedov@creativecommons.org,Non-binary,Antigua and Barbuda
897,Darcee,Pote,dpoteow@alexa.com,Female,China
898,Melisenda,Fabbri,mfabbriox@1und1.de,Female,France
899,Miguel,Chastagnier,mchastagnieroy@apple.com,Male,Philippines
900,Mickey,Dewick,mdewickoz@desdev.cn,Male,Czech Republic
901,Samuel,Lynthal,slynthalp0@skype.com,Genderfluid,Indonesia
902,Fax,Marritt,fmarrittp1@livejournal.com,Male,Russia
903,Livvy,Klazenga,lklazengap2@oracle.com,Female,China
904,Leo,Gayter,lgayterp3@studiopress.com,Male,Myanmar
905,Lancelot,Arden,lardenp4@reverbnation.com,Male,Canada
906,Katharine,Gilhool,kgilhoolp5@china.com.cn,Female,Indonesia
907,Patsy,Caveill,pcaveillp6@yale.edu,Male,France
908,Jeannine,Bampford,jbampfordp7@nydailynews.com,Genderqueer,Poland
909,Maisey,Gammett,mgammettp8@omniture.com,Female,Tanzania
910,Humberto,Tape,htapep9@paypal.com,Male,Indonesia
911,Muffin,MacCallion,mmaccallionpa@guardian.co.uk,Male,Madagascar
912,Deva,Ipplett,dipplettpb@diigo.com,Female,United States
913,Matt,Pennrington,mpennringtonpc@jiathis.com,Male,China
914,Gardie,Santorini,gsantorinipd@w3.org,Male,China
915,Willi,Birtwhistle,wbirtwhistlepe@msu.edu,Female,Portugal
916,Antonino,Oxford,aoxfordpf@photobucket.com,Male,Thailand
917,Jolynn,McNally,jmcnallypg@umich.edu,Female,Bosnia and Herzegovina
918,Val,Blackford,vblackfordph@issuu.com,Male,Sweden
919,Boothe,Jenny,bjennypi@youtu.be,Male,United States
920,Wendi,Blemen,wblemenpj@paginegialle.it,Female,Nepal
921,Zolly,Gudgeon,zgudgeonpk@noaa.gov,Male,France
922,Duane,Ribchester,dribchesterpl@utexas.edu,Male,Czech Republic
923,Kaile,Flintoft,kflintoftpm@accuweather.com,Female,Poland
924,Noell,de Bullion,ndebullionpn@qq.com,Female,Poland
925,Carver,Gribben,cgribbenpo@last.fm,Male,France
926,Coraline,Kalewe,ckalewepp@theglobeandmail.com,Female,Philippines
927,Julee,Hulburt,jhulburtpq@t-online.de,Female,China
928,Franny,Ingledow,fingledowpr@squarespace.com,Female,Kazakhstan
929,Gordan,Furness,gfurnessps@stumbleupon.com,Male,France
930,Artie,Collins,acollinspt@xinhuanet.com,Genderfluid,Colombia
931,Sim,Pirouet,spirouetpu@a8.net,Male,Indonesia
932,Carline,Dollard,cdollardpv@1688.com,Female,China
933,Curtis,Coper,ccoperpw@boston.com,Male,Cuba
934,Irwin,Bagnold,ibagnoldpx@wordpress.com,Male,Philippines
935,Bertie,McLese,bmclesepy@free.fr,Male,Russia
936,Kaine,Cottisford,kcottisfordpz@qq.com,Male,Mongolia
937,Mariam,Skarman,mskarmanq0@ebay.co.uk,Female,Indonesia
938,Ealasaid,Hark,eharkq1@discovery.com,Female,Philippines
939,Waylen,Robilart,wrobilartq2@blogger.com,Male,France
940,Yolanda,Concannon,yconcannonq3@tripadvisor.com,Female,China
941,Gideon,Rolland,grollandq4@wsj.com,Male,Russia
942,Lindon,Carabine,lcarabineq5@infoseek.co.jp,Male,Russia
943,Olga,Varndell,ovarndellq6@hexun.com,Female,China
944,Yves,Moyer,ymoyerq7@nationalgeographic.com,Male,Russia
945,Viola,Windmill,vwindmillq8@house.gov,Female,Japan
946,Nikos,Seleway,nselewayq9@ustream.tv,Male,Russia
947,Bearnard,Lampkin,blampkinqa@bizjournals.com,Male,Philippines
948,Garvin,Nussgen,gnussgenqb@google.com,Male,Philippines
949,Bartram,Kirkland,bkirklandqc@examiner.com,Male,New Zealand
950,Chip,Anetts,canettsqd@hibu.com,Male,Russia
951,Ives,Rawstron,irawstronqe@hostgator.com,Male,France
952,Laurette,Tumilson,ltumilsonqf@github.com,Female,Cuba
953,Elsinore,Trees,etreesqg@barnesandnoble.com,Female,Brazil
954,Brigitta,Bazell,bbazellqh@ox.ac.uk,Female,China
955,Eudora,Gurden,egurdenqi@sogou.com,Female,Indonesia
956,Dallon,Braidman,dbraidmanqj@soundcloud.com,Male,Mongolia
957,Eldredge,Sorbey,esorbeyqk@tripadvisor.com,Male,China
958,Shepherd,Riddiough,sriddioughql@cafepress.com,Male,Brazil
959,Eada,Tuckley,etuckleyqm@ning.com,Genderfluid,Nigeria
960,Christopher,Marten,cmartenqn@instagram.com,Male,China
961,Rriocard,McGarvey,rmcgarveyqo@arstechnica.com,Male,France
962,Kinna,Castles,kcastlesqp@free.fr,Female,Bulgaria
963,Andonis,Cowlam,acowlamqq@sciencedirect.com,Male,Sudan
964,Winnie,Cansdell,wcansdellqr@hhs.gov,Female,China
965,Roselin,Falkingham,rfalkinghamqs@oakley.com,Female,Afghanistan
966,Town,Fritchley,tfritchleyqt@eventbrite.com,Male,Philippines
967,Marti,Vannoort,mvannoortqu@amazonaws.com,Female,Venezuela
968,Hugues,Havvock,hhavvockqv@kickstarter.com,Male,Philippines
969,Yoshiko,Andrei,yandreiqw@java.com,Female,Poland
970,Susette,Gittoes,sgittoesqx@tuttocitta.it,Female,Mongolia
971,Montague,Glover,mgloverqy@uiuc.edu,Male,Slovakia
972,Lynn,Goodchild,lgoodchildqz@unesco.org,Female,United States
973,Kennie,Slad,ksladr0@walmart.com,Male,Sweden
974,Catherina,MacAlinden,cmacalindenr1@engadget.com,Female,United States
975,Alessandra,Brocklesby,abrocklesbyr2@meetup.com,Female,South Korea
976,Tynan,Gergus,tgergusr3@sciencedaily.com,Bigender,Sweden
977,Hagen,Orpin,horpinr4@opensource.org,Male,Indonesia
978,Langston,Nono,lnonor5@addthis.com,Male,Russia
979,Benjamen,Eldershaw,beldershawr6@patch.com,Male,Norway
980,William,Gerber,wgerberr7@com.com,Male,Sweden
981,Wesley,Cockshutt,wcockshuttr8@cbslocal.com,Male,Russia
982,Franni,Hourston,fhourstonr9@indiegogo.com,Female,United Kingdom
983,Gerrard,Please,gpleasera@acquirethisname.com,Male,Mexico
984,Aaren,Gunningham,agunninghamrb@feedburner.com,Female,Thailand
985,Emmet,Hemeret,ehemeretrc@shop-pro.jp,Male,China
986,Skippy,Laste,slasterd@goo.ne.jp,Male,Argentina
987,Kacie,Cirlos,kcirlosre@shareasale.com,Female,Indonesia
988,Giffard,Jerams,gjeramsrf@cloudflare.com,Male,Russia
989,Ursulina,Burrill,uburrillrg@thetimes.co.uk,Female,South Sudan
990,Susanna,Picheford,spichefordrh@ocn.ne.jp,Female,Philippines
991,Hewie,Venners,hvennersri@ehow.com,Agender,Russia
992,Vincents,Grundey,vgrundeyrj@phpbb.com,Male,Sri Lanka
993,Agneta,Melsome,amelsomerk@zdnet.com,Female,Honduras
994,Antin,Timperley,atimperleyrl@apple.com,Male,Faroe Islands
995,Gale,Orgill,gorgillrm@cargocollective.com,Female,Philippines
996,Kevin,Grinston,kgrinstonrn@prnewswire.com,Male,Colombia
997,Micheline,Stredwick,mstredwickro@acquirethisname.com,Female,France
998,Melvyn,Novello,mnovellorp@indiatimes.com,Male,Moldova
999,Betsey,Duffield,bduffieldrq@mit.edu,Bigender,China
1000,Constantine,Paaso,cpaasorr@altervista.org,Female,Sweden
